"protein1","protein2"
"P03004","P0A988"
"P03004","P0DPC4"
"P03004","P04079"
"P03004","P69924"
"P03004","P25553"
"P03004","P0DPC6"
"P03004","P39375"
"P03004","P0ADG7"
"P03004","P00452"
"P03004","P0A7H0"
"P03004","P0ABW3"
"P03004","C1P621"
"P03004","P0DPC5"
"P03004","P00582"
"P03004","P0A8F8"
"P0AG67","P69801"
"P60723","P0A853"
"P0A6X3","P23909"
"P0A6X3","P23843"
"P0A6X3","P17315"
"P0A6X3","P69797"
"P06993","P02916"
"P06993","P00490"
"P06993","P02943"
"P06993","P15977"
"P06993","P03841"
"P06993","P68187"
"P06993","P68183"
"P06993","P0AEX9"
"P0ABS1","P0ADH5"
"P0ABS1","P0AFX7"
"P0A9G2","P0AFX4"
"P0A9G2","P0C0L2"
"P0A9G2","P0AFW2"
"P0A9G2","P13738"
"P0A9G2","P69432"
"P0A9G2","P75905"
"P0A9G2","P69434"
"P0A9G2","P75906"
"P37682","P37681"
"P37682","P0ADK4"
"P37682","P37683"
"P27111","P17583"
"P27111","P0ABE9"
"P27111","P00816"
"P0AA10","P0A7X3"
"P0A7L3","P0A7Q1"
"P0A7W7","P0ADY3"
"P0A7W7","P0AG59"
"P0A7W7","P0AG51"
"P0A7W7","P0AG55"
"P0A7W7","P62399"
"P0A7W7","P60624"
"P0A7W7","P0A7W1"
"P0A7W7","P0A7Q6"
"P0A7W7","P0C018"
"P0A7W7","P0AGA2"
"P0A7W7","P02413"
"P0A9X9","P0ACF8"
"P0ACQ4","P07003"
"P0ACQ4","P0A9A9"
"P0ACQ4","P0AE08"
"P0ACQ4","P35340"
"P0ACQ4","P0AGG4"
"P0ACQ4","P23871"
"P0ACQ4","P39832"
"P0ACQ4","P0ABT2"
"P0ACQ4","P37197"
"P0ACQ4","P0C0U4"
"P0ACQ4","P09030"
"P0ACQ4","P17117"
"P0ACQ4","P77667"
"P0ACQ4","P0ABU2"
"P0ACQ4","P0A9F9"
"P0ACQ4","P13029"
"P0ACQ4","P25665"
"P0ACQ4","P68688"
"P0ACQ4","P46119"
"P0ACQ4","P55914"
"P0ACQ4","P77689"
"P0ACQ4","P75825"
"P0ACQ4","P77522"
"P0ACQ4","P75824"
"P0ACQ4","P76194"
"P0ACQ4","P77499"
"P0ACQ4","P39405"
"P0ACQ4","P77202"
"P0ACQ4","A8DYP9"
"P0ACQ4","P0A769"
"P0ACQ4","P0AAY6"
"P0ACQ4","P77444"
"P0ACQ4","P39180"
"P0ACQ4","P39172"
"P0ACQ4","P76344"
"P0ACQ4","P0AEH5"
"P0ACQ4","P0A9X1"
"P0AE58","P31553"
"P0AE58","P31572"
"P0AE58","P60566"
"P0AE58","P31551"
"P0AE58","P31552"
"P0AE58","P60584"
"P0AE58","P39206"
"P0AE58","P31574"
"P0AE58","P68644"
"P0AE58","P68646"
"P0ACN4","P30147"
"P0ACN4","P77731"
"P0ACN4","P77364"
"P0ACN4","P0AEP7"
"P0ACN4","P77671"
"P0ACN4","P75712"
"P0ACN4","P77328"
"P0ACN4","P0ACR0"
"P0ACN4","P77161"
"P0A6Z6","P33594"
"P0A6Z6","P33590"
"P0A6Z6","P0AFA9"
"P0A6Z6","P33591"
"P0A6Z6","P33593"
"P69913","P0AGB6"
"P69913","P30748"
"P69913","P30745"
"P69913","P0DPC5"
"P69913","P69910"
"P69913","P63204"
"P69913","P0DPC6"
"P69913","P30749"
"P69913","P0A738"
"P69913","P0DPC4"
"P69913","P63235"
"P69913","P39375"
"P69913","P69908"
"P69913","P75917"
"P69913","P76135"
"P69913","P0AEZ9"
"P0A9E0","P00944"
"P0A9E0","P23910"
"P0A9E0","P37772"
"P0A9E0","P03813"
"P0A9E0","P08202"
"P0A9E0","P0AAF3"
"P0A9E0","P02924"
"P0A9E0","P39325"
"P0A9E0","P08204"
"P0A9E0","P08203"
"P0A9E0","P0AE24"
"P0A9E0","P0AE26"
"P0A9E0","P39328"
"P0A9E0","Q6BEX0"
"P17410","P69795"
"P17410","P17411"
"P17410","P17334"
"P17410","P37794"
"P17410","P69791"
"P09377","P32170"
"P09377","P32169"
"P09377","P09378"
"P09377","P27125"
"P09377","P32171"
"P0A7C2","P64481"
"P0A7C2","P00579"
"P0A7C2","P39394"
"P0A7C2","P30177"
"P0A7C2","P33012"
"P0A7C2","P33596"
"P0A7C2","P04993"
"P0A7C2","P76257"
"P0A7C2","P05824"
"P0A7C2","P23840"
"P0A7C2","P0AGE0"
"P0A7C2","P0A812"
"P0A7C2","P05458"
"P0A7C2","P46889"
"P0A7C2","P0A698"
"P0A7C2","P28303"
"P0A7C2","P68679"
"P0A7C2","P08394"
"P0A7C2","P21189"
"P0A7C2","A5A627"
"P0A7C2","P0ABR1"
"P0A7C2","P0A8F8"
"P0A7C2","P0AFZ5"
"P0A7C2","P0ABS5"
"P0A7C2","P27296"
"P0A7C2","P0ACY9"
"P0A7C2","P0A7G6"
"P37338","P0ADD5"
"P37338","P52143"
"P37338","P0AAR5"
"P37338","P0AA49"
"P37338","P63201"
"P37338","P76012"
"P37338","P76136"
"P37338","P76135"
"P37338","P75857"
"P37338","P77260"
"P37338","P11289"
"P37338","P76073"
"P37338","P37195"
"P37338","P37050"
"P37338","P76001"
"P37338","P77396"
"P37338","P75874"
"P37338","P75859"
"P37338","P0ACC1"
"P37338","P0A8L7"
"P37338","P64548"
"P37338","P0ADU5"
"P37338","P0AF86"
"P37338","P27843"
"P37338","P0A712"
"P37338","P39333"
"P37338","P46139"
"P37338","P76484"
"P37338","P33355"
"P37338","P33344"
"P37338","Q46855"
"P37338","P37327"
"P37338","P39334"
"P37338","P76017"
"P37338","P0A8W8"
"P37338","P39163"
"P37338","P76345"
"P37338","P45420"
"P37338","P31801"
"P37338","P75860"
"P37338","P77716"
"P37338","P0A8X4"
"P37338","P28721"
"P37338","P67601"
"P37338","P0AB33"
"P37338","P37759"
"P37338","P42590"
"P37338","P76154"
"P37338","P0ADP9"
"P37338","P0A828"
"P37338","P76145"
"P37338","P0AEV1"
"P37338","P39286"
"P37338","Q46755"
"P37338","P0ADD7"
"P37338","P76234"
"P37338","P39208"
"P37338","P76498"
"P37338","P75995"
"P37338","A5A624"
"P37338","P0A9F6"
"P37338","P76227"
"P37338","Q6BEX5"
"P37338","P33129"
"P37338","P64550"
"P37338","P0A784"
"P37338","P39365"
"P37338","P76002"
"P37338","P76485"
"P37338","P0A9K1"
"P37338","P37908"
"P37338","P07017"
"P37338","P0ACL9"
"P37338","P0A715"
"P37338","P0AFL6"
"P37338","P02358"
"P37338","P23890"
"P37338","P04846"
"P37338","P23845"
"P37338","P69503"
"P37338","P16919"
"P37338","P23862"
"P37338","P0AAG8"
"P37338","P21888"
"P37338","P15993"
"P37338","P05847"
"P37338","P22256"
"P37338","P25527"
"P37338","P23869"
"P37338","P0AD65"
"P37338","P00370"
"P37338","P07639"
"P37338","P19624"
"P37338","P25526"
"P37338","P09996"
"P37338","P14375"
"P37338","P16869"
"P37338","P14900"
"P37338","P52095"
"P37338","P45463"
"P37338","P32134"
"P37338","P77625"
"P37338","P27294"
"P37338","P37639"
"P37338","P77148"
"P37338","P37351"
"P37338","P0ACE7"
"P37338","P39346"
"P37338","P77288"
"P37338","P30847"
"P37338","P0AFI0"
"P37338","P64461"
"P37338","P37339"
"P37338","P33343"
"P37338","P25396"
"P37338","P76621"
"P37338","Q46866"
"P37338","Q46901"
"P37338","P76100"
"P37338","P0AE63"
"P10151","P77234"
"P10151","Q46899"
"P10151","P0ADD7"
"P10151","P11988"
"P10151","Q46898"
"P10151","P76632"
"P10151","P28721"
"P10151","P45956"
"P10151","Q46901"
"P10151","P39404"
"P10151","P08722"
"P10151","Q46843"
"P10151","Q46897"
"P10151","Q46896"
"P10151","P64572"
"P10151","P11989"
"P69228","P76398"
"P69228","P77754"
"P69228","P24177"
"P69228","P36554"
"P69228","P30847"
"P69228","P76397"
"P69228","P76399"
"P0ACP1","P0AE95"
"P0ACP1","P27245"
"P0ACP1","P31660"
"P0ACP1","P21514"
"P0ACP1","P31675"
"P0ACP1","P0A991"
"P0ACP1","P77541"
"P0ACP1","P39173"
"P0ACP1","C1P5Z7"
"P0ACP1","P77495"
"P0ACP1","P0AB71"
"P0ACP1","P0A9I8"
"P0ACP1","P20966"
"P0ACP1","P0ABK2"
"P0ACP1","P0A9B2"
"P0ACP1","P0AE98"
"P0ACP1","P23538"
"P0ACP1","P0AC26"
"P0ACP1","P0ABJ9"
"P0ACP1","P30131"
"P0ACP1","P0A9P0"
"P0ACP1","P0A6P9"
"P0ACP1","P77243"
"P0ACP1","P0A955"
"P0ACP1","P22259"
"P0ACP1","P0ACL9"
"P0ACP1","P0A9G6"
"P0ACP1","P76231"
"P0ACP1","P0ACH5"
"P0ACP1","P15993"
"P0ACP1","P11071"
"P0ACP1","P37691"
"P0ACP1","P31121"
"P0ACP1","P08200"
"P0ACP1","P0ACJ8"
"P0ACP1","P0A6V8"
"P0ACP1","P08839"
"P0ACP1","P0AEW9"
"P0ACP1","P0AD61"
"P0ACP1","P00864"
"P0ACP1","P0A858"
"P0ACP1","P0ADF6"
"P0ACP1","P0A9Q7"
"P0ACP1","P08201"
"P0ACP1","P0A8M6"
"P0ACP1","P0AFG8"
"P0ACP1","P0A796"
"P0ACP1","P0A799"
"P0ACP1","P37690"
"P0ACP1","P0AEA2"
"P0ACP1","P69783"
"P0ACP1","P69811"
"P0ACP1","P0AEA8"
"P0ACP1","P0AA04"
"P0ACP1","P37773"
"P0ACP1","P06959"
"P0ACP1","P52106"
"P0ACP1","P37689"
"P0ACP1","P08997"
"P0ACP1","P0A9B6"
"P22186","P17952"
"P22186","P0A9A6"
"P22186","P14900"
"P22186","P22188"
"P22186","P0AD68"
"P22186","P0A6W3"
"P22186","P17443"
"P22186","P11880"
"P22186","P03817"
"P22186","P0ABG4"
"P22186","P0AEN4"
"P22186","P07862"
"P22186","P60390"
"P22186","P0ABH0"
"P22186","P06136"
"P22186","P0A725"
"P18811","P19642"
"P18811","P23256"
"P0ACL9","P0A6A8"
"P0ACL9","P0AEQ1"
"P0ACL9","P0AEA5"
"P0ACL9","P0AEP9"
"P0ACL9","P33231"
"P0ACL9","P0ABI8"
"P0ACL9","P0ABJ6"
"P0ACL9","P77598"
"P0ACL9","P64435"
"P0ACL9","P0AD68"
"P0ACL9","P06136"
"P0ACL9","P60390"
"P0ACL9","P0ABG4"
"P0ACL9","P0A8A4"
"P0ACL9","P00393"
"P0ACL9","P52073"
"P0ACL9","P0A6W3"
"P0ACL9","P17443"
"P0ACL9","P0AEN4"
"P0ACL9","P0A9P0"
"P0ACL9","P07862"
"P0ACL9","P22186"
"P0ACL9","P0A9A6"
"P0ACL9","P06959"
"P0ACL9","P17952"
"P0ACL9","P23538"
"P0ACL9","P0ACX5"
"P0ACL9","Q47146"
"P0ACL9","P0AFG8"
"P0ACL9","P68066"
"P0ACL9","P63224"
"P0ACL9","P14900"
"P0ACL9","P0A725"
"P0ACL9","P0ABJ3"
"P0ACL9","P22188"
"P0ACL9","P0ABJ1"
"P0ACL9","P52074"
"P0ACL9","Q46839"
"P0ACL9","P11880"
"P0ACL9","P37330"
"P0ACL9","P0ABH0"
"P05827","P05793"
"P0AFT5","P0A9P0"
"P0AFT5","P0A9Y6"
"P0AFT5","P28307"
"P0AFT5","P0AE98"
"P0AFT5","P64508"
"P0AFT5","P52107"
"P0AFT5","P61889"
"P0AFT5","P0ACL9"
"P0AFT5","P39396"
"P0AFT5","P0AFG8"
"P0AFT5","P0AEA2"
"P0AFT5","P52106"
"P0AFT5","P0ABK7"
"P0AFT5","P0AE95"
"P0AFT5","P06959"
"Q46864","P0AE98"
"Q46864","P0AE95"
"Q46864","P52106"
"Q46864","P0A968"
"Q46864","Q46865"
"Q46864","P0AEA2"
"Q46864","P13445"
"P0ACL5","P52073"
"P0ACL5","P0AEQ1"
"P0ACL5","P0AEP9"
"P0ACL5","Q46839"
"P0ACL5","P37330"
"P0ACL5","P52074"
"P07026","P0AFW2"
"P07026","P76204"
"P07026","P0A9A6"
"P07026","P06136"
"P07026","P0ABH0"
"P07026","P0AFX4"
"Q46855","Q46856"
"Q46855","Q46857"
"P0DMC7","P37639"
"P0DMC7","P0C0L2"
"P0DMC7","P0AGB6"
"P0DMC7","P0AFX7"
"P0DMC7","P77561"
"P0DMC7","P0A9A6"
"P0DMC7","P68191"
"P0DMC7","P46187"
"P0DMC7","P0AFX9"
"P0DMC7","P0DPC7"
"P0DMC7","P69908"
"P0DMC7","P0ABH0"
"P0DMC7","P76127"
"P0AE88","P0AE42"
"P0AE88","P0AD70"
"P0AE88","P0AEA2"
"P0AE88","P75954"
"P0AE88","P0ADY1"
"P0AE88","P52106"
"P0AE88","P31129"
"P0AE88","P31121"
"P0AE88","P76397"
"P0AE88","P0A9A2"
"P0AE88","P31801"
"P0AE88","P27550"
"P0AE88","P76399"
"P0AE88","P46187"
"P0AE88","P75901"
"P0AE88","P0AE95"
"P0AE88","P0AE85"
"P0AE88","P77754"
"P0AE88","P27245"
"P0AE88","P0AFX7"
"P0AE88","P76398"
"P0AE88","P12295"
"P0AE88","P0ACE3"
"P0AE88","P24183"
"P0AE88","P24177"
"P0AE88","P09348"
"P0AE88","P02942"
"P0AE88","P0AB98"
"P0AE88","P0ABC0"
"P0AE88","P06996"
"P0AE88","P0A6F1"
"P0AE88","P0AGF4"
"P0AE88","P07363-1"
"P0AE88","P00968"
"P0AE88","P0C0V0"
"P0AE88","P0AF06"
"P0AE88","P0AEG4"
"P0AE88","P02931"
"P0AE88","P0A964"
"P0AE88","P07363-2"
"P0AE88","P0AE82"
"P0AE88","P0AB91"
"P0AE88","P0AAC6"
"P0AE88","P0AGC3"
"P0AE88","P0AFL3"
"P0AE88","P22525"
"P0AE88","P0AGB6"
"P0AE88","P0AAR0"
"P0AE88","P0AFX9"
"P0AE88","P33218"
"P0AE88","P0AA63"
"P0AE88","P0AE98"
"P0AE88","P0ACH5"
"P0AE88","P30847"
"P0AE88","P39396"
"P0AE88","C1P611"
"P0AE88","P69228"
"P0AE88","P0ADE6"
"P0AE88","P46136"
"P0AE88","P36554"
"P0AE88","P42615"
"P0AE88","P0DPC7"
"P0AE88","P0AE63"
"P0AE88","P0C0K3"
"P0A9F1","P0DKB3"
"P0A9F1","P0A769"
"P67697","P76106"
"P0C079","P0ACG6"
"P0C079","P0C077"
"P0AE72","P0AEY3"
"P0AE72","P0AE70"
"P23873","P0AG20"
"P23873","P23874"
"P23873","P76552"
"P23873","P0AE72"
"P23873","P0AE70"
"P23873","P76551"
"P23873","P42593"
"P69346","P69348"
"P67701","P64578"
"P68767","P0A6F1"
"P68767","P00968"
"P71301","P52627"
"P71301","P0A8S9"
"P71301","P0AEM9"
"P71301","P04949"
"P71301","P0AEM6"
"P71301","P0ABY7"
"P71301","P0AAA3"
"P17446","P17444"
"P17446","P0ABC9"
"P17446","P17445"
"P0AFJ5","P10905"
"P0AFJ5","P76341"
"P0AFJ5","P76343"
"P0AFJ5","P76342"
"P0AFJ5","P76389"
"P0AFJ5","P0A908"
"P0AFJ5","P77485"
"P0AFJ5","P10908"
"P0AFJ5","P16679"
"P0AFJ5","P16690"
"P0AFJ5","P0AGH8"
"P0AFJ5","P36560"
"P0AFJ5","P0AAH0"
"P0AFJ5","P16687"
"P0AFJ5","P16689"
"P0AFJ5","P0A955"
"P0AFJ5","P0AG80"
"P0AFJ5","P19926"
"P0AFJ5","P02932"
"P0AFJ5","P0ACZ8"
"P0AFJ5","P16686"
"P0AFJ5","P10906"
"P0AFJ5","P16691"
"P0AFJ5","P77211"
"P0AFJ5","P0DP69"
"P0AFJ5","P0ACM2"
"P0AFJ5","P16678"
"P0AFJ5","P77743"
"P0AFJ5","P13458"
"P0AFJ5","P37641"
"P0AFJ5","P0AG82"
"P0AFJ5","Q47129"
"P0AFJ5","P77214"
"P0AFJ5","P0A9K1"
"P0AFJ5","P0AG76"
"P0AFJ5","P00634"
"P0AFJ5","P16692"
"P0AFJ5","P16688"
"P0AFJ5","P77239"
"P0AFJ5","P38054"
"P0AFJ5","P16677"
"P0AFJ5","P16684"
"P0AFJ5","P16685"
"P0AFJ5","P16682"
"P0AFJ5","P07654"
"P0AFJ5","P0AFM4"
"P0AFJ5","P08400"
"P0AFJ5","P10907"
"P0AFJ5","P0A7C8"
"P77309","P76148"
"P77309","P0A6W0"
"P77309","P76149"
"P0A8R9","P0A8S9"
"P0A8R9","P0ABY7"
"P0A8R9","P09831"
"P0A8R9","P28721"
"P0A8R9","P09832"
"P03023","P07464"
"P03023","P02920"
"P03023","P00722"
"P09546","P07117"
"P0AA16","P77304"
"P0AA16","P75905"
"P0AA16","P76280"
"P0AA16","P63224"
"P0AA16","P0AE95"
"P0AA16","P42601"
"P0AA16","P19317"
"P0AA16","P0AEP1"
"P0AA16","P0AEL3"
"P0AA16","P19319"
"P0AA16","P19318"
"P0AA16","P60778"
"P0AA16","P21420"
"P0AA16","P0ACI0"
"P0AA16","P23890"
"P0AA16","P37758"
"P0AA16","P0ACS9"
"P0AA16","P06996"
"P0AA16","P10384"
"P0AA16","P0A9H3"
"P0AA16","P0AF32"
"P0AA16","P0A917"
"P0AA16","P33650"
"P0AA16","P23894"
"P0AA16","P0AFF0"
"P0AA16","P0ACL9"
"P0AA16","P02930"
"P0AA16","P02931"
"P0AA16","P0AAE8"
"P0AA16","P0AEX9"
"P0AA16","P0ABE2"
"P0AA16","P24169"
"P0AA16","P0AA67"
"P0AA16","P69776"
"P0AA16","P0AAF1"
"P0AA16","P39172"
"P0AA16","P75906"
"P0AA16","P64554"
"P0AA16","P69434"
"P0AA16","P52106"
"P0AA16","P0AEA2"
"P0AA16","P69432"
"P0AA16","P0AEK0"
"P0AA16","P0AE98"
"P0AA16","P0DTV7"
"P0AA16","Q47146"
"P0AA16","P0AGE4"
"P0AA16","P64638"
"P23836","P23837"
"P23836","P76135"
"P23836","P0AFW2"
"P23836","P0A8Q6"
"P23836","P23893"
"P23836","P0AET5"
"P23836","P0AES9"
"P23836","P64512"
"P23836","E2JKY7"
"P23836","P0AF18"
"P23836","P75987"
"P23836","P64554"
"P23836","P0AFV2"
"P23836","P64610"
"P23836","P76136"
"P23836","P77330"
"P23836","P52108"
"P23836","P09169"
"P23836","P18392"
"P23836","P36673"
"P23836","P0A905"
"P23836","P0AFX4"
"P23836","P0AET2"
"P23836","P0ABB8"
"P23836","P63201"
"P0A8D0","P0A772"
"P0A8D0","P0AC65"
"P0A8D0","P37146"
"P0A8D0","P0ABW3"
"P0A8D0","P28903"
"P0A8D0","P00452"
"P0A8D0","P39452"
"P0A8D0","P69924"
"P0A8D0","P0A9N8"
"P0A9A9","P0ABU7"
"P0A9A9","P77288"
"P0A9A9","P45757"
"P0A9A9","P76155"
"P0A9A9","P39451"
"P0A9A9","P41443"
"P0A9A9","P0DKB3"
"P0A9A9","Q47141"
"P0A9A9","P77522"
"P0A9A9","P77211"
"P0A9A9","P45762"
"P0A9A9","P45759"
"P0A9A9","P64588"
"P0A9A9","P45763"
"P0A9A9","P67601"
"P0A9A9","P46854"
"P0A9A9","P0AA80"
"P0A9A9","P39452"
"P0A9A9","P18393"
"P0A9A9","P0AFS5"
"P0A9A9","P69741"
"P0A9A9","P0AC65"
"P0A9A9","Q46856"
"P0A9A9","P75780"
"P0A9A9","P77515"
"P0A9A9","Q47155"
"P0A9A9","P77444"
"P0A9A9","P77318"
"P0A9A9","P75779"
"P0A9A9","P77172"
"P0A9A9","P76264"
"P0A9A9","P77499"
"P0A9A9","P0AFW2"
"P0A9A9","P45761"
"P0A9A9","P0A8G3"
"P0A9A9","P77300"
"P0A9A9","P0AB24"
"P0A9A9","P0AAY1"
"P0A9A9","P0AAR5"
"P0A9A9","P76194"
"P0A9A9","P39405"
"P0A9A9","P45760"
"P0A9A9","P77649"
"P0A9A9","P0AAX6"
"P0A9A9","P41442"
"P0A9A9","P76115"
"P0A9A9","P76558"
"P0A9A9","Q46871"
"P0A9A9","Q46857"
"P0A9A9","P64610"
"P0A9A9","P55914"
"P0A9A9","P64638"
"P0A9A9","P64453"
"P0A9A9","Q46851"
"P0A9A9","Q46834"
"P0A9A9","P39389"
"P0A9A9","P77689"
"P0A9A9","P0A9A2"
"P0A9A9","P76010"
"P0A9A9","P0A769"
"P0A9A9","P41441"
"P0A9A9","P76116"
"P0A9A9","A5A627"
"P0A9A9","P45758"
"P0A9A9","P0AEL6"
"P0A9A9","P0A6L7"
"P0A9A9","P18777"
"P0A9A9","P15029"
"P0A9A9","P0ACC3"
"P0A9A9","P31462"
"P0A9A9","P29744"
"P0A9A9","P23877"
"P0A9A9","P07026"
"P0A9A9","P15030"
"P0A9A9","P0AGE9"
"P0A9A9","P0AD53"
"P0A9A9","P23484"
"P0A9A9","P0AFZ1"
"P0A9A9","P34209"
"P0A9A9","P0ACX9"
"P0A9A9","P33650"
"P0A9A9","P16869"
"P0A9A9","P36678"
"P0A9A9","P24077"
"P0A9A9","P23485"
"P0A9A9","P0AFX4"
"P0A9A9","P23890"
"P0A9A9","P07821"
"P0A9A9","P0AC44"
"P0A9A9","P0AE56"
"P0A9A9","P0AEG1"
"P0A9A9","P0A8Y3"
"P0A9A9","P0ABQ2"
"P0A9A9","P23878"
"P0A9A9","P0A927"
"P0A9A9","P0AFG6"
"P0A9A9","P23524"
"P0A9A9","P05824"
"P0A9A9","P62707"
"P0A9A9","P32135"
"P0A9A9","P30745"
"P0A9A9","P77737"
"P0A9A9","P0ADI4"
"P0A9A9","P04036"
"P0A9A9","P0AEF8"
"P0A9A9","P05825"
"P0A9A9","P17315"
"P0A9A9","P0AB55"
"P0A9A9","P31061"
"P0A9A9","P15028"
"P0A9A9","P13036"
"P0A9A9","P26266"
"P0A9A9","P77667"
"P0A9A9","P19925"
"P0A9A9","P0AFH2"
"P0A9A9","P25960"
"P0A9A9","P07822"
"P0A9A9","P0A6F3"
"P0A9A9","P0AEJ2"
"P0A9A9","P11454"
"P0A9A9","P0A6Z1"
"P0A9A9","P0AFZ5"
"P0A9A9","P0A6E4"
"P0A9A9","P0ABD3"
"P0A9A9","P0A6D0"
"P0A9A9","P06960"
"P0A9A9","P02924"
"P0A9A9","P23522"
"P0A9A9","P08204"
"P0A9A9","P05020"
"P0A9A9","P0AER0"
"P0A9A9","P0A8L1"
"P0A9A9","P30126"
"P0A9A9","P02929"
"P0A9A9","P0AE18"
"P0A9A9","P31826"
"P0A9A9","P00448"
"P0A9A9","P0A836"
"P0A9A9","P0AAG0"
"P0A9A9","P61889"
"P0A9A9","P0AFH6"
"P0A9A9","P31545"
"P0A9A9","P15031"
"P0A9A9","P0AEE5"
"P0A9A9","P0AD21"
"P0A9A9","P33941"
"P0A9A9","P31125"
"P0A9A9","P31827"
"P0A9A9","P25737"
"P0A9A9","P0AFG3"
"P0A9A9","P18775"
"P0A9A9","P15047"
"P0A9A9","P10906"
"P0A9A9","P0ABV2"
"P0A9A9","P18776"
"P0A9A9","P0AF36"
"P0A9A9","P76027"
"P0A9A9","P0A998"
"P0A9A9","P0C0U4"
"P0A9A9","P23876"
"P0A9A9","P23843"
"P0A9A9","P33940"
"P0A9A9","P13039"
"P0A9A9","P0AEL3"
"P0A9A9","P37313"
"P0A9A9","P10378"
"P0A9A9","P37758"
"P0A9A9","P0A9K1"
"P0A9A9","P06972"
"P0ABE2","P0ABH4"
"P0ABE2","P0A9X4"
"P0ABE2","P16926"
"P75811","P0AFX4"
"P75811","P0AE95"
"P75811","P31130"
"P75811","P75990"
"P75811","P0AFW2"
"P75811","P0AE98"
"P75811","P36560"
"P75811","P52106"
"P75811","P77657"
"P75811","P0AEA2"
"P75811","P75809"
"P75811","P75810"
"P75811","P0AFZ5"
"P0ACH5","P0A7D4"
"P0ACH5","P0AFL9"
"P0ACH5","P00448"
"P0ACH5","P43671"
"P0ACH5","P04994"
"P0ACH5","P02920"
"P0ACH5","P27294"
"P0ACH5","P38489"
"P0ACH5","P25516"
"P0ACH5","P28861"
"P0ACH5","P0AC53"
"P0ACH5","P00722"
"P0ACH5","P75991"
"P0ACH5","P63386"
"P0ACH5","P0AES9"
"P0ACH5","P0AAY6"
"P0ACH5","P0C0U4"
"P0ACH5","P31224"
"P0ACH5","P0AB10"
"P0ACH5","P05042"
"P0ACH5","P64606"
"P0ACH5","P27245"
"P0ACH5","P0AE06"
"P0ACH5","P0AET2"
"P0ACH5","P17117"
"P0ACH5","P0ACI0"
"P0ACH5","P07464"
"P0ACH5","P31121"
"P0ACH5","P46119"
"P0ACH5","P64604"
"P0ACH5","P0AFV2"
"P0ACH5","P75994"
"P0ACH5","P64602"
"P0ACH5","P75993"
"P0ACH5","P0ADV7"
"P0ACH5","P75992"
"P0ACG1","Q46899"
"P0ACG1","Q46896"
"P0ACG1","Q46901"
"P0ACG1","P45956"
"P0ACG1","P76632"
"P0ACG1","Q46897"
"P0ACG1","P0AC28"
"P0ACG1","Q46898"
"P0ACS9","P0A9E2"
"P0ACS9","P69212"
"P0ACS9","P27245"
"P0ACS9","P69210"
"P0ACS9","P0DSF5"
"P0ACS9","P31224"
"P0ACS9","P0ACH5"
"P0ACS9","P31121"
"P0ACS9","P78061"
"P0ACS9","P0ACS2"
"P0ACS9","P0AE06"
"P0ACS5","P37617"
"P0ACS5","P0AFX4"
"P0ACS5","P0AFW2"
"P0A9Q1","P0AFF0"
"P0A9Q1","P45804"
"P0A9Q1","P45800"
"P0A9Q1","P45799"
"P0A9Q1","P39389"
"P0A9Q1","P00561"
"P0A9Q1","P0AC44"
"P0A9Q1","P0A746"
"P0A9Q1","P42593"
"P0A9Q1","P07014"
"P0A9Q1","P33232"
"P0A9Q1","P75893"
"P0A9Q1","P0AAE0"
"P0A9Q1","P33602"
"P0A9Q1","P0AAU2"
"P0A9Q1","P0ADM8"
"P0A9Q1","P75894"
"P0A9Q1","P78061"
"P0A9Q1","P0ACL7"
"P0A9Q1","P52108"
"P0A9Q1","P64445"
"P0A9Q1","P0AGJ5"
"P0A9Q1","P75898"
"P0A9Q1","P0AFH8"
"P0A9Q1","P0AFF2"
"P0A9Q1","P0AFE4"
"P0A9Q1","P30136"
"P0A9Q1","Q46839"
"P0A9Q1","P76038"
"P0A9Q1","P0AFX4"
"P0A9Q1","P76115"
"P0A9Q1","P07117"
"P0A9Q1","P0AGE9"
"P0A9Q1","P0AC41"
"P0A9Q1","P0AFD1"
"P0A9Q1","P0ADP2"
"P0A9Q1","P0ABN5"
"P0A9Q1","P29018"
"P0A9Q1","P0A698"
"P0A9Q1","P0A921"
"P0A9Q1","P0AFD4"
"P0A9Q1","P0A763"
"P0A9Q1","P0AEP9"
"P0A9Q1","P0AFE8"
"P0A9Q1","P31133"
"P0A9Q1","P23843"
"P0A9Q1","P63204"
"P0A9Q1","P76503"
"P0A9Q1","P52073"
"P0A9Q1","P33940"
"P0A9Q1","P0AGE0"
"P0A9Q1","P0AFQ5"
"P0A9Q1","P0AG30"
"P0A9Q1","P0A6M2"
"P0A9Q1","P75791"
"P0A9Q1","P0AEL3"
"P0A9Q1","P09030"
"P0A9Q1","P00393"
"P0A9Q1","P0AFG6"
"P0A9Q1","P0A915"
"P0A9Q1","P69054"
"P0A9Q1","P0AFG3"
"P0A9Q1","P75897"
"P0A9Q1","P0AEQ1"
"P0A9Q1","P0AA93"
"P0A9Q1","P33599"
"P0A9Q1","P09546"
"P0A9Q1","P00946"
"P0A9Q1","P37643"
"P0A9Q1","P0AD21"
"P0A9Q1","P0ACX0"
"P0A9Q1","P0AFE0"
"P0A9Q1","P0A9K1"
"P0A9Q1","P31979"
"P0A9Q1","P18133"
"P0A9Q1","P61889"
"P0A9Q1","P0AGE4"
"P0A9Q1","P07001"
"P0A9Q1","P0A6A8"
"P0A9Q1","P04825"
"P0A9Q1","P0AFC7"
"P0A9Q1","P77399"
"P0A9Q1","P09373"
"P0A9Q1","P0AFW2"
"P0A9Q1","P37330"
"P0A9Q1","P69451"
"P0A9Q1","P33231"
"P0A9Q1","P75892"
"P0A9Q1","P0AFC3"
"P0A9Q1","P0AFD6"
"P0A9Q1","P76621"
"P0A9Q1","P36683"
"P0A9Q1","P76116"
"P0A9Q1","P21151"
"P0A9Q1","P23847"
"P0A9Q1","P23886"
"P0A9Q1","P12282"
"P0A9Q1","P21177"
"P0A9Q1","P19932"
"P0A9Q1","P69739"
"P0A9Q1","P0ACD8"
"P0A9Q1","P0ABN9"
"P0A9Q1","P17444"
"P0A9Q1","P25553"
"P0A9Q1","P0AC33"
"P0A9Q1","P0ABI8"
"P0A9Q1","P12281"
"P0A9Q1","P0ABJ6"
"P0A9Q1","P17446"
"P0A9Q1","P0A6V5"
"P0A9Q1","P0ABC9"
"P0A9Q1","P0AEX3"
"P0A9Q1","P10384"
"P0A9Q1","P19931"
"P0A9Q1","P0AEA5"
"P0A9Q1","P17445"
"P0A9Q1","P0ABJ3"
"P0A9Q1","P0A6D0"
"P0A9Q1","P09551"
"P0A9Q1","P0A6F1"
"P0A9Q1","P0ABJ1"
"P0A9Q1","P08200"
"P0A9Q1","P0ABH7"
"P0A9Q1","P13445"
"P0A9Q1","P03959"
"P0A9Q1","P13035"
"P0A9Q1","P0A836"
"P0A9Q1","P33029"
"P0A9Q1","P69786"
"P0A9Q1","P27306"
"P0A9Q1","P33607"
"P0A9Q1","P0ACL5"
"P0A9Q1","P52074"
"P0A9Q1","P0A9P0"
"P0A9Q1","P0A6T5"
"P0A9Q1","P75895"
"P0A9Q1","Q47146"
"P0A9G4","P36649"
"P0A9G4","P0AFW2"
"P0A9G4","P0AFX4"
"P0A9G4","Q59385-1"
"P0A9G4","Q59385-2"
"P33358","P0AEA2"
"P33358","P0AE98"
"P33358","P52106"
"P33358","P0AG48"
"P33358","P0A7L8"
"P33358","P0A9W6"
"P33358","P42641"
"P33358","P0AE95"
"P33358","P23890"
"P33358","P0AA73"
"P0AEL8","P77249"
"P0AEL8","P0ABW5"
"P0AED5","P0AGC0"
"P0AED5","P45578"
"P0AED5","P77561"
"P0ACZ8","P77239"
"P0ACZ8","P76342"
"P0ACZ8","P38054"
"P0ACZ8","P77211"
"P0ACZ8","P76343"
"P0ACZ8","P77214"
"P0ACZ8","P77485"
"P0ACZ8","P76341"
"P76340","P77214"
"P76340","P38054"
"P76340","P77211"
"P76340","P77485"
"P76340","P77239"
"P76340","P76343"
"P76340","P76341"
"P76340","P0ACZ8"
"P76340","P76342"
"P24242","P24241"
"P24242","P0A9U3"
"P24242","P77743"
"P24242","P0A6Z3"
"P24242","P24240"
"P0ACJ0","P23721"
"P0ACJ0","P0AF93"
"P0ACJ0","P25526"
"P0ACJ0","P76692"
"P0ACJ0","P76621"
"P0ACJ0","P0AC28"
"P0ACJ0","P0AAC0"
"P0ACJ0","P0ADE2"
"P0ACJ0","P76027"
"P0ACJ0","P39263"
"P0ACJ0","P39282"
"P0ACJ0","P0AGB0"
"P0ACJ0","P15288"
"P0ACJ0","P33940"
"P0ACJ0","P37643"
"P0ACJ0","P0C0L2"
"P0ACJ0","C1P619"
"P0ACJ0","P0DP89"
"P0ACJ0","P0ACG1"
"P0ACJ0","P16095"
"P0ACJ0","P27248"
"P0ACJ0","P11667"
"P0ACJ0","P0AAD6"
"P0ACJ0","P75821"
"P0ACJ0","P0ADC3"
"P0ACJ0","P28721"
"P0ACJ0","P0A9T0"
"P0ACJ0","P37339"
"P0ACJ0","P0AAX3"
"P0ACJ0","P29012"
"P0ACJ0","P75835"
"P0ACJ0","P0AFH8"
"P0ACJ0","P77737"
"P0ACJ0","P36771"
"P0ACJ0","P0AB61"
"P0ACJ0","P64550"
"P0ACJ0","P68206"
"P0ACJ0","Q46939"
"P0ACJ0","P23827"
"P0ACJ0","P09831"
"P0ACJ0","P31697"
"P0ACJ0","P30130"
"P0ACJ0","P0A6D3"
"P0ACJ0","P08189"
"P0ACJ0","P08191"
"P0ACJ0","P0AFH6"
"P0ACJ0","P08997"
"P0ACJ0","P0A8N5"
"P0ACJ0","P0AAD2"
"P0ACJ0","P0A9H3"
"P0ACJ0","P06996"
"P0ACJ0","P04968"
"P0ACJ0","P00805"
"P0ACJ0","P0AC38"
"P0ACJ0","P0AAE8"
"P0ACJ0","P0ADG1"
"P0ACJ0","P05791"
"P0ACJ0","P0A6T9"
"P0ACJ0","P09832"
"P0ACJ0","P09053"
"P0ACJ0","P06136"
"P0ACJ0","P0AB80"
"P0ACJ0","P0AFH2"
"P0ACJ0","P04128"
"P0ACJ0","P00893"
"P0ACJ0","P22256"
"P0ACJ0","P23843"
"P0ACJ0","P08190"
"P0ACJ0","P0A817"
"P0ACJ0","P00894"
"P0ACJ0","P0AF48"
"P0ACJ0","P77304"
"P0ACJ0","P39264"
"P0ACJ0","P33348"
"P0ACJ0","P0AAE0"
"P0ACJ0","P0AD33"
"P0ACJ0","P33224"
"P0ACJ0","P0AD86"
"P0ACJ0","P39374"
"P0ACJ0","P0AD99"
"P0ACJ0","P25527"
"P0ACJ0","P25737"
"P0ACJ0","P33195"
"P0ACJ0","P76249"
"P0AEF4","P77231"
"P0AEF4","P61889"
"P0AEF4","P69330"
"P0AEF4","P0A6G5"
"P0AEF4","P75726"
"P0AEF4","P77390"
"P0AEF4","P77510"
"P0AEF4","P0A9I1"
"P0AEF4","P0AA78"
"P0AD01","P0A830"
"P0AD01","P0AC47"
"P0AD01","P0A8Q0"
"P0AD01","P14407"
"P0AD01","P0AEF4"
"P0AD01","P77510"
"P0AD01","P0ABN9"
"P0AD01","P00363"
"P0AD01","P0A8Q3"
"P27278","P10902"
"P0AF20","P37794"
"P0AF20","P17334"
"P0AF20","P17411"
"P0AF20","P17410"
"P0AF20","P0AF18"
"P0AF20","P69791"
"P0AF20","P69856"
"P0AF20","P69795"
"P0AF20","P0AEP1"
"P0AF20","P75734"
"P0AF20","P69801"
"P0AF20","P17169"
"P0AF20","P0AF24"
"P0AF20","P39371"
"P0AF20","P39370"
"P0AF20","P0ACC7"
"P0AF20","P0ADH5"
"P0AF20","P09323"
"P0AF20","P75733"
"P0AF20","P0A759"
"P21866","P03960"
"P21866","P0AFX4"
"P21866","P03959"
"P21866","P03961"
"P21866","P36937"
"P21866","P0AFW2"
"P52108","P36560"
"P52108","P0AEA2"
"P52108","P52106"
"P52108","P0AE95"
"P52108","P0AE98"
"P38684","P33226"
"P38684","P33225"
"P38684","P0A853"
"P38684","P0AD89"
"P38684","P23173"
"P38684","P13445"
"P38684","P36662"
"P76086","P76080"
"P76086","P77467"
"P76086","P76079"
"P76086","P76081"
"P76086","P77455"
"P76086","P76083"
"P76086","P76077"
"P76086","P76078"
"P76086","P76085"
"P76086","P76084"
"P76086","P76082"
"P76086","P77181"
"P76086","P0C7L2"
"P0A9G8","P16429"
"P0A9G8","P0AAL0"
"P0A9G8","P33934"
"P0A9G8","P18776"
"P0A9G8","P0AEZ9"
"P0A9G8","P0AF28"
"P0A9G8","P0ABL8"
"P0A9G8","P30745"
"P0A9G8","P69490"
"P0A9G8","P07650"
"P0A9G8","P30749"
"P0A9G8","P0AAK1"
"P0A9G8","P0AEV7"
"P0A9G8","P0A6K6"
"P0A9G8","P0ABM5"
"P0A9G8","P16431"
"P0A9G8","P0AFA2"
"P0A9G8","P0ABM1"
"P0A9G8","P16432"
"P0A9G8","P18777"
"P0A9G8","P37329"
"P0A9G8","P0AA86"
"P0A9G8","P30748"
"P0A9G8","P0AAL3"
"P0A9G8","P33927"
"P0A9G8","P0ABM9"
"P0A9G8","P0ABL3"
"P0A9G8","P18775"
"P0A9G8","P0AEV9"
"P0A9G8","P0A738"
"P0A9G8","P09833"
"P0A9G8","P0A9I5"
"P0A9G8","P16430"
"P0A9G8","P16433"
"P0A9G8","P0ABL5"
"P0A9G8","P0ABP8"
"P0A9G8","P0A6L0"
"P0A9G8","P33937"
"P0A9G8","P0AEV4"
"P0A9G8","P0AF01"
"P0A9G8","P33931"
"P0ACU0","P0AFQ2"
"P0ACU0","P0A9U1"
"P0ACU0","P25888"
"P0ACU0","P0AFP9"
"P0ACU0","P75777"
"P0A8S1","P69924"
"P0A8S1","P00370"
"P0A8S1","P11667"
"P0A8S1","P04036"
"P0A8S1","P25737"
"P0A8S1","P0ABW3"
"P0A8S1","P00861"
"P0A8S1","P08660"
"P0A8S1","P00452"
"P0A8S1","P03004"
"P0A8S1","P0A988"
"P0A8S1","P0A9D8"
"P0A8S1","P0A7H0"
"P0A8S1","P0A9Q9"
"P27245","P0ACH5"
"P27245","P31121"
"P0ACS2","P00448"
"P0ACS2","P00888"
"P0ACS2","P64610"
"P0ACS2","P32700"
"P0ACS2","P05042"
"P0ACS2","P0A9E2"
"P0ACS2","P07023"
"P67430","P0AC81"
"P67430","P77258"
"P0ACU2","P0A6F1"
"P0ACU2","P0AEL6"
"P0ACU2","P75895"
"P0ACU2","P75897"
"P0ACU2","P75893"
"P0ACU2","P63201"
"P0ACU2","P75894"
"P0ACU2","P00968"
"P0ACU2","P0AFQ5"
"P0ACU2","P75892"
"P0ACU2","P37639"
"P0ACU2","P75898"
"P0ACU2","P0AC81"
"P0ACU2","P67430"
"P0ACU2","P77258"
"P37309","P0AB96"
"P37309","P0AB93"
"P0A881","P00909"
"P0A881","P0AE28"
"P0A881","P00887"
"P0A881","P0A877"
"P0A881","P0AD92"
"P0A881","P0AAN5"
"P0A881","P00904"
"P0A881","P0AAD2"
"P0A881","P0A6E1"
"P0A881","P00895"
"P0A881","P0A879"
"P52106","P0AEM4"
"P52106","P0AEM6"
"P52106","P0AE95"
"P52106","P25798"
"P52106","P0AEA2"
"P52106","P0ABZ1"
"P52106","P52614"
"P52106","P52612"
"P52106","P0AAP1"
"P52106","P0AB14"
"P52106","P0AE98"
"P52106","P31068"
"P52106","P0A8X4"
"P52106","P52627"
"P52106","P04846"
"P52106","P0A8T5"
"P52106","P52613"
"P52106","P28307"
"P52106","P0A8G6"
"P52106","P63417"
"P52106","P64599"
"P52106","P0ABK7"
"P52106","P43533"
"P52106","P0AEM9"
"P52106","P52107"
"P52627","P0AFV2"
"P52627","P0AES9"
"P52627","P77334"
"P52627","P63235"
"P52627","P0AEA2"
"P52627","P0AFH8"
"P52627","P37636"
"P52627","P33358"
"P52627","P0AE95"
"P52627","P52106"
"P52627","P0ABY7"
"P52627","P37637"
"P52627","P63204"
"P52627","P69910"
"P52627","P0A8S9"
"P52627","P0AET2"
"P52627","P0AE98"
"P52627","P68206"
"P50456","P06993"
"P50456","P69805"
"P50456","P69786"
"P50456","P08839"
"P50456","P0A6E9"
"P50456","P0AA04"
"P50456","P69783"
"P50456","P69797"
"P31802","P08201"
"P31802","P0AEK7"
"P31802","P0AA86"
"P31802","P0ABM5"
"P31802","P0AAK7"
"P31802","P0ABL3"
"P31802","P69490"
"P31802","P33937"
"P31802","P0ABK9"
"P31802","P76192"
"P31802","P0AEA8"
"P31802","P0ABM1"
"P31802","P0AAJ3"
"P31802","P0ABL8"
"P31802","P32711"
"P31802","P77147"
"P31802","P24183"
"P31802","P77564"
"P31802","P0A9I8"
"P31802","P0AAL3"
"P31802","P33934"
"P31802","P32709"
"P31802","P77409"
"P31802","P0ABL1"
"P31802","P77561"
"P31802","P77375"
"P31802","P0ABM9"
"P31802","P33931"
"P31802","P0AAL6"
"P31802","P0A9I5"
"P31802","P32712"
"P31802","P0AC26"
"P31802","P32710"
"P31802","P0ABL5"
"P31802","P0AAL0"
"P31802","P33927"
"P30843","P30845"
"P30843","P0ABN1"
"P30843","P0ACE3"
"P30843","P0AAR0"
"P30843","P0ADH5"
"P30843","Q47377"
"P30843","P09546"
"P30843","P40719"
"P30843","P0AE98"
"P30843","P76472"
"P30843","P76473"
"P30843","P52106"
"P30843","P77690"
"P30843","P64610"
"P30843","P76474"
"P30843","P77757"
"P30843","P77398"
"P30843","P0A986"
"P30843","P0AE95"
"P30843","P52076"
"P30843","P0AEA2"
"P75989","P75994"
"P75989","P75991"
"P75989","P75993"
"P75989","P75992"
"P64530","P76425"
"P64530","P64534"
"P0AF28","P64496"
"P0AF28","P33927"
"P0AF28","P64488"
"P0AF28","P0AAL0"
"P0AF28","P0AAL3"
"P0AF28","P32710"
"P0AF28","P33937"
"P0AF28","P0AAK7"
"P0AF28","P0ABL3"
"P0AF28","P77374"
"P0AF28","P76173"
"P0AF28","P77561"
"P0AF28","P75824"
"P0AF28","P77783"
"P0AF28","P0ABL1"
"P0AF28","P32712"
"P0AF28","P18777"
"P0AF28","P0AEK7"
"P0AF28","P11350"
"P0AF28","P0AC47"
"P0AF28","P0ABN5"
"P0AF28","P0AAJ3"
"P0AF28","P0AEA8"
"P0AF28","P0A9I8"
"P0AF28","P07658"
"P0AF28","P08201"
"P0AF28","P0AFH0"
"P0AF28","P0AC38"
"P0AF28","P09152"
"P0AF28","P10903"
"P0AF28","P09373"
"P0AF28","P0A915"
"P0AF28","P24183"
"P0AF28","P11349"
"P0AF28","P0AC26"
"P0AF28","P0AF26"
"P0AF28","P0A8Q0"
"P0AF28","P00363"
"P0AF28","P07003"
"P0AF28","P18776"
"P0AF28","P0A8Q3"
"P0AF28","P18775"
"P0AF28","P69490"
"P0AF28","P0AEC8"
"P0AF28","P0AA86"
"P0AF28","P0ABL8"
"P0AF28","P76192"
"P0AF28","P0A9I5"
"P0AF28","P75825"
"P0AF28","P0AAJ1"
"P0AF28","P0ABK9"
"P0AF28","P0AD01"
"P0AF28","P0AC23"
"P0AF28","P0ABL5"
"P0AF28","P32711"
"P0AF28","P0ABM5"
"P0AF28","P69853"
"P0AF28","P0ABM9"
"P0AF28","P33931"
"P0AF28","P33934"
"P0AF28","P0ABM1"
"P0AF28","P77409"
"P0AF28","P0AAL6"
"P0AF28","P32709"
"P0A9F3","P0ABK5"
"P0A9F3","P23845"
"P0A9F3","P21156"
"P0A9F3","P16676"
"P0A9F3","P16703"
"P0A9F3","P0A6J1"
"P0A9F3","P37610"
"P0A9F3","Q47539"
"P0A9F3","P16700"
"P0A9F3","P0AAI1"
"P0A9F3","Q47538"
"P0A9F3","Q47537"
"P0A9F3","Q47083"
"P0A9F3","P75851"
"P0A9F3","P80644"
"P0A9F3","P0AEB0"
"P0A9F3","P16701"
"P0A9F3","P52644"
"P0A9F3","P80645"
"P0A9F3","P75853"
"P0A6D0","P22524"
"P0A6D0","P45468"
"P0A6D0","P39263"
"P0A6D0","P0AE37"
"P0A6D0","P76215"
"P0A6D0","P52094"
"P0A6D0","P31658"
"P0A6D0","P0AAE5"
"P0A6D0","P0AEU0"
"P0A6D0","P75826"
"P0A6D0","P76216"
"P0A6D0","P77581"
"P0A6D0","P77601"
"P0A6D0","P63746"
"P0A6D0","P76217"
"P0A6D0","P0ADW6"
"P0A6D0","P37906"
"P0A6D0","P0AE30"
"P0A6D0","P60995"
"P0A6D0","P0A9A6"
"P0A6D0","P06999"
"P0A6D0","P24178"
"P0A6D0","P09831"
"P0A6D0","P0ADZ4"
"P0A6D0","P0ABT2"
"P0A6D0","P28721"
"P0A6D0","P0A7G2"
"P0A6D0","P0A6C8"
"P0A6D0","P09832"
"P0A6D0","P0AD83"
"P0A6D0","P0A705"
"P0A6D0","P0AC75"
"P0A6D0","P0A8A8"
"P0A6D0","P15993"
"P0A6D0","P0A6F1"
"P0A6D0","P31133"
"P0A6D0","P0A705-3"
"P0A6D0","P30860"
"P0A6D0","P0AE34"
"P0A6D0","P11446"
"P0A6D0","P18335"
"P0A6D0","P0ACG1"
"P0A6D0","P08506"
"P0A6D0","P0A6E4"
"P0A6D0","P04391"
"P0A6D0","P0A705-2"
"P0A6D0","P60340"
"P0A6D0","P0AAF6"
"P0A6D0","P06960"
"P0A6D0","P30859"
"P0A6D0","P21345"
"P0A6D0","P23908"
"P0A6D0","P00968"
"P0A6D0","P08550"
"P0A6D0","P0A6C5"
"P0A6D0","P0AFF6"
"P0A6D0","P31679"
"P0A6D0","P0ACJ0"
"P0A6D0","P05055"
"P0A6D0","P11447"
"P0A6D0","P0AEU3"
"P0A6D0","P0A6D7"
"P0A6D0","P07109"
"P37344","P32696"
"P37344","P0AFM6"
"P37344","P0AFV8"
"P37344","P0AFM9"
"P37344","P0AFN2"
"P37344","P23857"
"P24255","P64508"
"P24255","P10384"
"P24255","P0AB83"
"P24255","P0AD33"
"P24255","P05523"
"P07604","P0ABQ4"
"P07604","P0AE28"
"P07604","P0AB91"
"P07604","P00888"
"P07604","P0AAD4"
"P07604","P04693"
"P07604","P0AAN5"
"P07604","P0AAD2"
"P07604","P07023"
"P07604","P0A6E1"
"P07604","P15993"
"P77333","P76049"
"P77333","P0A8R7"
"P77333","P07604"
"P77333","Q2EER5"
"P77333","P0ACV6"
"P77333","P0CD93"
"P77333","P77348"
"P77333","P76046"
"P77333","P51981"
"Q47129","P46883"
"Q47129","P80668"
"P76114","P21363"
"P76114","P0AAX6"
"P76114","P0AFW2"
"P76114","P0AFX4"
"P76114","P21361"
"P76114","P21362"
"P0ACT2","P31224"
"P0ACT2","P0AE06"
"P0A8U6","P0A6T5"
"P0A8U6","P0A9F9"
"P0A8U6","P06721"
"P0A8U6","P00562"
"P0A8U6","P30750"
"P0A8U6","P25747"
"P0A8U6","P07623"
"P0A8U6","P00935"
"P0A8U6","P25665"
"P0A8U6","P31547"
"P0ACP7","P0A6F1"
"P0ACP7","P04079"
"P0ACP7","P08550"
"P0ACP7","P08178"
"P0ACP7","P0ADG7"
"P0ACP7","P15254"
"P0ACP7","P08179"
"P0ACP7","P00968"
"P0ACP7","P0AG16"
"P0ACP7","P0A717"
"P0ACP7","P09029"
"P0ACP7","P0A825"
"P0ACP7","P0AG18"
"P0ACP7","P0A9Z1"
"P0ACP7","P0A7D4"
"P0ACP7","P0A7D7"
"P0ACP7","P15639"
"P0ACP7","P15640"
"P0ACP7","P05020"
"P0ACP7","P21170"
"P0ACP7","P25524"
"P0ACP7","P60651"
"P0ACP7","P33221"
"P0ACP7","P0AA82"
"P0ACP7","P25746"
"P0ACP7","P0AB89"
"P0ACP7","P0AG03"
"P0ACP7","P0A7E1"
"P0ACQ0","P0AGI1"
"P0ACQ0","P0A9J6"
"P0ACQ0","P0A8F4"
"P0ACQ0","P15639"
"P0ACQ0","P22333"
"P0ACQ0","P15640"
"P0ACQ0","P04983"
"P0ACQ0","P28248"
"P0ACQ0","P04982"
"P0ACQ0","P02925"
"P09378","P09377"
"P45544","P45541"
"P45544","P45539"
"P45544","P0AC00"
"P45544","P45543"
"P76268","P0A955"
"P0ACZ4","P37636"
"P0ACZ4","P37637"
"P0ACZ4","P77561"
"P0ACZ4","P69902"
"P0ACZ4","P76406"
"P0ACZ4","P0DSF9"
"P0ACZ4","P76135"
"P0ACZ4","P76520"
"P0ACZ4","P76136"
"P0ACZ4","P0AFI0"
"P0ACZ4","P30855"
"P0ACZ4","P52599"
"P0ACZ4","P76518"
"P0ACZ4","P52600"
"P0ACZ4","P0AA49"
"P0ACZ4","P63204"
"P0A6R3","P0ABT2"
"P0A6R3","P45424"
"P0A6R3","P0AFE4"
"P0A6R3","P0AC26"
"P0A6R3","P0A9I8"
"P0A6R3","P00393"
"P0A6R3","P32710"
"P0A6R3","P0AAK7"
"P0A6R3","P09424"
"P0A6R3","P0AFF0"
"P0A6R3","P32709"
"P0A6R3","P27245"
"P0A6R3","P0AF10"
"P0A6R3","P0ACF4"
"P0A6R3","P0AF54"
"P0A6R3","P0A7F9"
"P0A6R3","P41036"
"P0A6R3","P33599"
"P0A6R3","P0AFH0"
"P0A6R3","P77335"
"P0A6R3","P33607"
"P0A6R3","P45425"
"P0A6R3","P0ACL5"
"P0A6R3","P0A7H0"
"P0A6R3","P0AFE0"
"P0A6R3","P0ABT5"
"P0A6R3","P27550"
"P0A6R3","P0AFC3"
"P0A6R3","P0AE70"
"P0A6R3","P02338"
"P0A6R3","P69924"
"P0A6R3","P0AES6"
"P0A6R3","P02916"
"P0A6R3","P0AFD1"
"P0A6R3","P0AEX9"
"P0A6R3","P33602"
"P0A6R3","P0ABL1"
"P0A6R3","P39264"
"P0A6R3","P32705"
"P0A6R3","P64488"
"P0A6R3","P0A9P0"
"P0A6R3","P0C0L7"
"P0A6R3","P0AFC7"
"P0A6R3","P0AFD6"
"P0A6R3","P08201"
"P0A6R3","P0AES4"
"P0A6R3","P32712"
"P0A6R3","P0ABK9"
"P0A6R3","P00550"
"P0A6R3","P31121"
"P0A6R3","P06612"
"P0A6R3","P0AEY3"
"P0A6R3","P64496"
"P0A6R3","P36659"
"P0A6R3","P0ADB1"
"P0A6R3","P08191"
"P0A6R3","P0AFB8"
"P0A6R3","P21151"
"P0A6R3","P0AFB5"
"P0A6R3","P08190"
"P0A6R3","P11988"
"P0A6R3","P11989"
"P0A6R3","P0A9X9"
"P0A6R3","P31697"
"P0A6R3","P08722"
"P0A6R3","P21177"
"P0A6R3","P0A988"
"P0A6R3","P03004"
"P0A6R3","P30130"
"P0A6R3","P0ACJ8"
"P0A6R3","P04079"
"P0A6R3","P08189"
"P0A6R3","P0A9C5"
"P0A6R3","P04805"
"P0A6R3","P0AEA8"
"P0A6R3","P04128"
"P0A6R3","P0A9Q7"
"P0A6R3","P0A996"
"P0A6R3","P37685"
"P0A6R3","P00452"
"P0A6R3","P0ACF8"
"P0A6R3","P0AC28"
"P0A6R3","P0A6L4"
"P0A6R3","P63264"
"P0A6R3","P0ACH5"
"P0A6R3","P31979"
"P0A6R3","P0ADG7"
"P0A6R3","P68183"
"P0A6R3","P0AE72"
"P0A6R3","P69786"
"P0A6R3","P0CE48"
"P0A6R3","P68066"
"P0A6R3","P0AFD4"
"P0A6R3","P0ACF0"
"P0A6R3","P0AFE8"
"P0A6R3","P32711"
"P0A6R3","P0A761"
"P25748","P0AEP1"
"P25748","P0A6T3"
"P25748","P09147"
"P25748","P09148"
"P25748","P0A9C3"
"P03024","P0AEP1"
"P03024","P09147"
"P03024","P09148"
"P03024","P0A6T3"
"P03024","P0A9C3"
"P23890","P0AAE8"
"P23890","P0A9H3"
"P06134","P33224"
"P06134","P04395"
"P06134","P05050"
"P63204","P09831"
"P63204","P0AET5"
"P63204","P0AF48"
"P63204","P09832"
"P63204","P0AFV2"
"P63204","P37636"
"P63204","P63201"
"P63204","P0DMC9"
"P63204","P0AF50"
"P63204","P28721"
"P63204","P0AES9"
"P63204","P37639"
"P63204","P37637"
"P63204","P69910"
"P63204","P0AET2"
"P63204","P37630"
"P63204","P63235"
"Q06065","P76460"
"Q06065","P76459"
"Q06065","P76461"
"Q06065","P76458"
"P0AFU4","P46187"
"P0AFU4","P0AGB6"
"P0AFU4","P0AFX9"
"P0AFU4","P0AFX7"
"P0AFU4","P0DPC7"
"P06709","P12995"
"P06709","P13000"
"P06709","P12996"
"P06709","P12999"
"P06709","P12998"
"P36771","P0A8S9"
"P36771","P10151"
"P36771","P0ABY7"
"P36771","P0ADH7"
"P19323","P24192"
"P19323","P30131"
"P19323","P24193"
"P19323","P0AEV7"
"P19323","P07658"
"P19323","P16433"
"P19323","P0AEV4"
"P19323","P0AAK1"
"P19323","P16430"
"P19323","P0A700"
"P19323","P0AEV9"
"P19323","P0AAK4"
"P19323","P16431"
"P19323","P16432"
"P19323","P0AAM3"
"P19323","P16429"
"P19323","P0AAN3"
"P0AE39","P37662"
"P0A9F6","P33195"
"P0A9F6","P0A6T9"
"P0A9F6","P27248"
"P0A9W0","P39300"
"P0A9W0","P39304"
"P0A9W0","P69822"
"P0A9W0","P39306"
"P0A9W0","P39305"
"P0A9W0","P39301"
"P0A9W0","P69820"
"P0AGK8","P33934"
"P0AGK8","P0AAL3"
"P0AGK8","P19931"
"P0AGK8","P0A9I5"
"P0AGK8","P19932"
"P0AGK8","P0ACD8"
"P0AGK8","P0AAL0"
"P0AGK8","P19930"
"P0AGK8","P0AAC8"
"P0AGK8","P0ACC3"
"P0AGK8","P77667"
"P0AGK8","P0ABL5"
"P0AGK8","P69739"
"P0AGK8","P0AAM1"
"P0AGK8","P76194"
"P0AGK8","P33937"
"P0AGK8","P38683"
"P0AGK8","P0ABL3"
"P0AGK8","P77444"
"P0AGK8","P0A6B7"
"P0AGK8","P77499"
"P0AGK8","P77649"
"P0AGK8","P52129"
"P0AGK8","P77522"
"P0AGK8","P0ACD4"
"P0AGK8","P52130"
"P0AGK8","P77689"
"P0AGK8","P63020"
"P0ACN7","P0A6L0"
"P0ACN7","P07650"
"P0ACN7","P0AFF4"
"P0ACN7","P0A927"
"P0ACN7","P0ABP8"
"P0ACN7","P12758"
"P0ACN7","P0AGB3"
"P0ACN7","P0ABF6"
"P0ACN7","P0AFL3"
"P0ACN7","P0A6K6"
"P37013","P37596"
"P37013","Q46877"
"P08368","P08369"
"P0ACK8","P0AB87"
"P0ACK8","P0A9S1"
"P52076","P03004"
"P52076","P40719"
"P0A9E2","P27294"
"P0A9E2","P0A9A9"
"P0A9E2","P05042"
"P0A9E2","P0ACH5"
"P0A9E2","A8DYP9"
"P0A9E2","P0AE06"
"P0A9E2","P31224"
"P0A9E2","P69786"
"P0A9E2","P52647"
"P0A9E2","P28861"
"P0A9E2","P0ADL1"
"P0A9E2","P61949"
"P0A9E2","P0AAY6"
"P0A9E2","P77747"
"P0A9E2","P31121"
"P0A9E2","P27241"
"P0A9E2","P64610"
"P0A9E2","P17117"
"P0A9E2","P27245"
"P0A9E2","P0AFL9"
"P0A9E2","P25516"
"P0A9E2","P27240"
"P0A9E2","P00448"
"P0A9E2","P46119"
"P0A9E2","P0C0U4"
"P0A9E2","P43671"
"P0A9E2","P0ACI0"
"P0A9E2","P0AC53"
"P0A9E2","P0AB10"
"P0A9E2","P38489"
"P0A9E2","P0ACJ5"
"P0A9E2","P0A6C1"
"P0A9E2","P0A7I7"
"P0ACH8","P06720"
"P0ACH8","P02921"
"P0ACI0","P0ACH5"
"P0ACI0","P05042"
"P0ACI0","P0AEY5"
"P0ACI0","P0AE06"
"P0ACI0","P27294"
"P0ACI0","P09152"
"P0ACI0","P31121"
"P0ACI0","P27245"
"P0ACI0","P31224"
"P0ACI0","P0AC53"
"P67660","P0AB33"
"P67660","P46852"
"P67660","P24197"
"P67660","P42625"
"P67660","P42619"
"P67660","P0AAX3"
"P67660","P42624"
"P0ACQ7","P42632"
"P0ACQ7","P42630"
"P0ACQ7","P0AGL2"
"P0ACQ7","P0AGF6"
"P0ACQ7","P0AAD8"
"P0ACQ7","P11868"
"P11866","P0AGL2"
"P11866","P42632"
"P11866","P11868"
"P11866","P42630"
"P11866","P0AAD8"
"P11866","P0ACQ7"
"P11866","P0AGF6"
"P63201","P37639"
"P63201","P63235"
"P63201","P0AES9"
"P63201","P69910"
"P63201","P69908"
"P63201","P0AET2"
"P63201","P0AFV2"
"P37639","P77400"
"P37639","P22634"
"P37639","P0AET5"
"P37639","P37195"
"P37639","P0AES9"
"P37639","P37636"
"P37639","P76170"
"P37639","P76134"
"P37639","P06129"
"P37639","P63204"
"P37639","P37637"
"P37639","P69910"
"P37639","P63235"
"P37639","P77454"
"P37639","P0A951"
"P37639","P77304"
"P37639","P37194"
"P37639","P77318"
"P37639","P69908"
"P0ACI3","P37388"
"P0ACI3","P37387"
"P0ACI3","P0AGI4"
"P0ACI3","P0AGF4"
"P0ACI3","P09099"
"P0ACI3","P00944"
"P0ACI3","P0A9E0"
"P0AGA6","P0AGC0"
"P14375","P0ACL2"
"P14375","P0A9C5"
"P14375","P0AGB3"
"P14375","P0AAA9"
"P14375","P0ACA3"
"P14375","P0AFW2"
"P14375","P36995"
"P14375","P46854"
"P14375","P14377"
"P14375","P0AEM6"
"P14375","P0ADD9"
"P14375","P45771"
"P14375","P0AD49"
"P14375","P67910"
"P14375","P24180"
"P14375","P45766"
"P14375","P63201"
"P14375","P0AE85"
"P14375","P0AEQ3"
"P76135","P26458"
"P76135","P37194"
"P76135","P0ACD8"
"P76135","P63204"
"P76135","P63201"
"P76135","P19930"
"P76135","P19931"
"P76135","P24244"
"P76135","P0A9G2"
"P76135","P26459"
"P76135","P32162"
"P76135","P19932"
"P76135","P37195"
"P76135","P69739"
"P76135","P37636"
"P76135","P0AAM1"
"P76135","P37637"
"P76135","P07102"
"P76135","P0AAB8"
"P0ACL2","P39399"
"P0ACL2","P39400"
"P0ACL2","P0AA78"
"P0ACL2","P0A8G3"
"P0ACK2","P42911"
"P0ACK2","P0C8K0"
"P0ACK2","P42907"
"P0ACK2","P42905"
"P0ACK2","P42904"
"P0ACK2","P0AB74"
"P0ACK2","P42910"
"P0ACK2","P42906"
"P0ACK2","P42909"
"P0ACK2","P42912"
"P31460","P0AA76"
"P31460","Q6BF17"
"P31460","Q6BF16"
"P31460","P31459"
"P36673","P28904"
"P36673","P36672"
"P0ACU5","P0A6Q3"
"P0ACU5","P0A953"
"P0ACR9","P27303"
"P0ACR9","P0AEJ0"
"P0AC51","P39832"
"P0AC51","P76002"
"P0AC51","Q2EEQ2"
"P0AC51","P39172"
"P0AC51","P0A9X1"
"P0AC51","P0A7N1"
"P0ACL7","P76521"
"P0ACL7","P33231"
"P0ACL7","P10384"
"P0ACL7","Q47146"
"P0ACL7","P0AEP9"
"P0ACL7","P33232"
"P0ACL7","P0ACV2"
"P0ACL7","P64616"
"P0ACL7","P63201"
"P0AF63","P75825"
"P0AF63","P0ABK9"
"P0AF63","P32712"
"P0AF63","P07003"
"P0AF63","P32710"
"P0AF63","P69506"
"P0AF63","P75824"
"P0AF63","P24232"
"P0AF63","P32709"
"P0AF63","P0AEM9"
"P0AF63","P0AAK7"
"P39376","P0ABJ9"
"P39376","P28635"
"P39376","P0ABK2"
"P39376","P30750"
"P39376","P31547"
"P0ACJ5","P42626"
"P0ACJ5","P42628"
"P21514","P0ABZ1"
"P21514","P0AC78"
"P21514","P52614"
"P21514","P52613"
"P21514","P52612"
"P21514","P31068"
"P21514","P0CK95"
"P21514","P25798"
"P13669","P54746"
"P13669","P54745"
"Q47083","P80645"
"Q47083","P80644"
"Q47083","P37610"
"Q47083","Q47538"
"Q47083","Q47537"
"Q47083","P75853"
"Q47083","P75851"
"Q47083","P0AAI1"
"Q47083","Q47539"
"Q46866","P76114"
"P0ADD7","P0ABY7"
"P0ADD7","P75885"
"P0ADD7","P0A8S9"
"P75952","P0AB40"
"P37671","P37680"
"P37671","P37678"
"P37671","P37677"
"P37671","P37676"
"P37671","P37679"
"P37671","P37675"
"P37671","P42603"
"P37671","P37674"
"P37671","P0A955"
"P37671","P37672"
"P37671","P37673"
"P37671","P08194"
"P37671","P0A9C0"
"P76241","P76242"
"P0AAP3","P25437"
"P0AAP3","P51025"
"Q47141","P77650"
"Q47141","P0ABW0"
"Q47141","P0ABR5"
"Q47141","Q47140"
"Q47141","P0CI31"
"Q47141","U3PVA8"
"P77300","P37007"
"P77300","P77596"
"P77300","P75682"
"P77300","P37008"
"P64588","Q46871"
"P0ACL0","P08194"
"P0ACL0","P0A9C0"
"P0ACL0","P0A6F3"
"P0ACL0","P0A996"
"P0ACL0","P13035"
"P0ACL0","P09394"
"P0ACL0","P0A9C9"
"P0ACL0","P0AER0"
"P0ACL0","P13033"
"P77626","P0AEM9"
"P77626","P52627"
"P77626","P0A9D4"
"P77626","P76103"
"P77626","P0AEM6"
"P33595","P31549"
"P33595","P31675"
"P33595","C1P5Z7"
"P33595","P31548"
"P33595","P31550"
"P33595","P77434"
"P0A9F9","P25665"
"P0A9F9","P24232"
"P0A9F9","P0A825"
"P0A8V6","P16528"
"P0A8V6","Q47146"
"P0A8V6","P69451"
"P0A8V6","P0AAI9"
"P0A8V6","P0ABD8"
"P0A8V6","P0AEK4"
"P0A8V6","P0A953"
"P0A8V6","P0A9Q5"
"P0A8V6","P0ABD5"
"P0A8V6","P10384"
"P0A8V6","P76503"
"P0A8V6","P24182"
"P0A8V6","P42593"
"P0A8V6","P77399"
"P0A8V6","P0A6Q3"
"P0A8V6","P0A6R0"
"P0A8V6","P0AED0"
"P0A8V6","P0AEK2"
"P16528","P0A9G6"
"P16528","P08997"
"P16528","P11071"
"Q47005","P0ABJ9"
"Q47005","P52044"
"Q47005","P0A8G3"
"Q47005","Q46867"
"Q47005","P45425"
"Q47005","Q46787"
"Q47005","P52048"
"Q47005","P0A901"
"Q47005","P39337"
"Q47005","Q46915"
"Q47005","Q46905"
"Q47005","P64548"
"Q47005","P80668"
"Q47005","P39360"
"Q47005","P46857"
"Q47005","Q46839"
"Q47005","P39308"
"Q47005","P65294"
"Q47005","P52130"
"Q47005","P54901"
"Q47005","P45420"
"Q47005","Q46808"
"Q47005","P39332"
"Q47005","P39277"
"Q47005","P64627"
"Q47005","P19769"
"Q47005","P42589"
"Q47005","P64622"
"Q47005","P52127"
"Q47005","P41443"
"Q47005","P64599"
"Q47005","Q46906"
"Q47005","P64592"
"Q47005","Q46943"
"Q47005","P0AE48"
"Q47005","Q47141"
"Q47005","P76630"
"Q47005","Q46835"
"Q47005","P0A9N8"
"Q47005","P46855"
"Q47005","P0A9L3"
"Q47005","P65290"
"Q47005","Q46893"
"Q47005","Q46938"
"Q47005","P65870"
"Q47005","P0ADQ7"
"Q47005","P42913"
"Q47005","P39279"
"Q47005","P55734"
"Q47005","Q46843"
"Q47005","Q46799"
"Q47005","P55138"
"Q47005","Q46941"
"Q47005","P41442"
"Q47005","P0ABR5"
"Q47005","P52102"
"Q47005","Q46909"
"Q47005","P39187"
"Q47005","P52124"
"Q47005","P0ADW6"
"Q47005","Q46857"
"Q47005","P77295"
"Q47005","P39310"
"Q47005","P76621"
"Q47005","P45552"
"Q47005","Q46920"
"Q47005","P39338"
"Q47005","P0ADE2"
"Q47005","Q46844"
"Q47005","P55799"
"Q47005","P52045"
"Q47005","P45527"
"Q47005","P77136"
"Q47005","P42640"
"Q47005","P39405"
"Q47005","P76169"
"Q47005","P76068"
"Q47005","P0ACD2"
"Q47005","P0A930"
"Q47005","P0AA57"
"Q47005","P76350"
"Q47005","P77247"
"Q47005","P77374"
"Q47005","P76170"
"Q47005","P76373"
"Q47005","P0AA49"
"Q47005","P52599"
"Q47005","P63746"
"Q47005","P76113"
"Q47005","P0AFR9"
"Q47005","P76396"
"Q47005","P76316"
"Q47005","P76204"
"Q47005","P78271"
"Q47005","Q47702"
"Q47005","P77747"
"Q47005","P0A769"
"Q47005","P76387"
"Q47005","P76016"
"Q47005","P77463"
"Q47005","P31658"
"Q47005","P77156"
"Q47005","P76208"
"Q47005","P77170"
"Q47005","P75988"
"Q47005","P77588"
"Q47005","P0A8D9"
"Q47005","P76389"
"Q47005","P76155"
"Q47005","P76177"
"Q47005","P76213"
"Q47005","P76064"
"Q47005","P77783"
"Q47005","P76154"
"Q47005","P76015"
"Q47005","P0ACV8"
"Q47005","P75966"
"Q47005","P39172"
"Q47005","P76269"
"Q47005","P64453"
"Q47005","P76481"
"Q47005","P76273"
"Q47005","P76160"
"Q47005","P76001"
"Q47005","P77357"
"Q47005","P76197"
"Q47005","P77561"
"Q47005","P77610"
"Q47005","P0ACX5"
"Q47005","P76108"
"Q47005","P0AD12"
"Q47005","P77674"
"Q47005","P0AAB2"
"Q47005","P76150"
"Q47005","P76111"
"Q47005","P77795"
"Q47005","P76065"
"Q47005","P77402"
"Q47005","P76499"
"Q47005","P76340"
"Q47005","P76196"
"Q47005","P76280"
"Q47005","P76226"
"Q47005","P76172"
"Q47005","P75908"
"Q47005","P76498"
"Q47005","P77172"
"Q47005","P0A6E9"
"Q47005","P0A9A2"
"Q47005","P77744"
"Q47005","P71239"
"Q47005","P76072"
"Q47005","P40191"
"Q47005","P76346"
"Q47005","P76406"
"Q47005","P0AAJ1"
"Q47005","P77171"
"Q47005","P76017"
"Q47005","P76482"
"Q47005","P46888"
"Q47005","P0ADI0"
"Q47005","P64545"
"Q47005","P77434"
"Q47005","P0A9U8"
"Q47005","P76319"
"Q47005","P76227"
"Q47005","P77163"
"Q47005","P76268"
"Q47005","P76518"
"Q47005","P76278"
"Q47005","P77788"
"Q47005","P76206"
"Q47005","P64455"
"Q47005","P0AB33"
"Q47005","P80644"
"Q47005","P77598"
"Q47005","P37339"
"Q47005","P37669"
"Q47005","Q47537"
"Q47005","P0AAQ0"
"Q47005","A5A614"
"Q47005","P75830"
"Q47005","P75818"
"Q47005","P75836"
"Q47005","P37642"
"Q47005","P0AAG0"
"Q47005","P39199"
"Q47005","P0AA78"
"Q47005","P0ADB7"
"Q47005","Q47156"
"Q47005","P0A752"
"Q47005","P37665"
"Q47005","P77698"
"Q47005","P43341"
"Q47005","Q47150"
"Q47005","P52696"
"Q47005","P0AAA1"
"Q47005","Q47157"
"Q47005","P0ADI7"
"Q47005","P39830"
"Q47005","P41036"
"Q47005","P75782"
"Q47005","P0AAP7"
"Q47005","P0AD07"
"Q47005","Q47149"
"Q47005","P0AE76"
"Q47005","P77213"
"Q47005","P0AA99"
"Q47005","P75712"
"Q47005","P52636"
"Q47005","P0ADB4"
"Q47005","P75855"
"Q47005","P43340"
"Q47005","P0A9S3"
"Q47005","P0AAV8"
"Q47005","P37047"
"Q47005","P0AAR0"
"Q47005","P37188"
"Q47005","A5A616"
"Q47005","P77234"
"Q47005","P0AE58"
"Q47005","P0A8C1"
"Q47005","P0AAX6"
"Q47005","P0ADU2"
"Q47005","Q2EES9"
"Q47005","P37595"
"Q47005","P77627"
"Q47005","P0AGG0"
"Q47005","P75858"
"Q47005","P0AAE0"
"Q47005","P77202"
"Q47005","P11289"
"Q47005","P0AG48"
"Q47005","P69434"
"Q47005","P69348"
"Q47005","Q47679"
"Q47005","P0ADT8"
"Q47005","P39834"
"Q47005","P77427"
"Q47005","Q2EES6"
"Q47005","P77180"
"Q47005","P0AB74"
"Q47005","P37759"
"Q47005","P37643"
"Q47005","P0AEF8"
"Q47005","P77252"
"Q47005","P75769"
"Q47005","P42590"
"Q47005","P75897"
"Q47005","P39282"
"Q47005","P69828"
"Q47005","P0ADR8"
"Q47005","P77330"
"Q47005","P77364"
"Q47005","P71311"
"Q47005","P0ACN4"
"Q47005","C1P611"
"Q47005","P37313"
"Q47005","P77296"
"Q47005","P37018"
"Q47005","P0AD59"
"Q47005","P75829"
"Q47005","P77735"
"Q47005","P77316"
"Q47005","P39177"
"Q47005","P0AEG1"
"Q47005","P69831"
"Q47005","P37338"
"Q47005","P56257"
"Q47005","P37348"
"Q47005","P0ABW3"
"Q47005","P43676"
"Q47005","P0AAV0"
"Q47005","P75763"
"Q47005","P37627"
"Q47005","P32176"
"Q47005","P0ABL3"
"Q47005","P0AFU0"
"Q47005","P0AF43"
"Q47005","P32173"
"Q47005","P0A6J5"
"Q47005","P0A7I4"
"Q47005","P0ADP2"
"Q47005","P69824"
"Q47005","P0ACZ4"
"Q47005","P37636"
"Q47005","P0AFU6"
"Q47005","P31469"
"Q47005","P36678"
"Q47005","P0AFA5"
"Q47005","P0AA67"
"Q47005","P0AD27"
"Q47005","P69826"
"Q47005","P26218"
"Q47005","P36562"
"Q47005","P63204"
"Q47005","P31126"
"Q47005","P0C054"
"Q47005","P0ABL8"
"Q47005","P30866"
"Q47005","P33129"
"Q47005","P37639"
"Q47005","P27245"
"Q47005","P32704"
"Q47005","P0AF48"
"Q47005","P30871"
"Q47005","P32136"
"Q47005","P33363"
"Q47005","P0AED0"
"Q47005","P31467"
"Q47005","P32664"
"Q47005","P27111"
"Q47005","P37745"
"Q47005","P27248"
"Q47005","P0AG99"
"Q47005","P32712"
"Q47005","P0ADP9"
"Q47005","P30845"
"Q47005","P40710"
"Q47005","P0AFX4"
"Q47005","P0A9H7"
"Q47005","P0AE08"
"Q47005","P28721"
"Q47005","P0AD53"
"Q47005","P0AD21"
"Q47005","P0ABS8"
"Q47005","P32700"
"Q47005","P0ADR6"
"Q47005","P32131"
"Q47005","P62723"
"Q47005","P31468"
"Q47005","P31125"
"Q47005","P32177"
"Q47005","P0AGK1"
"Q47005","P27848"
"Q47005","P33344"
"Q47005","P32681"
"Q47005","P26365"
"Q47005","P28915"
"Q47005","P32138"
"Q47005","P33225"
"Q47005","P0ACM9"
"Q47005","P33931"
"Q47005","P0ADM8"
"Q47005","P0A8U2"
"Q47005","P32677"
"Q47005","P31435"
"Q47005","P28305"
"Q47005","P29013"
"Q47005","P30128"
"Q47005","P32711"
"Q47005","P31475"
"Q47005","P0A744"
"Q47005","P37637"
"Q47005","P0ADM4"
"Q47005","P0ACR4"
"Q47005","P0ABM9"
"Q47005","P37692"
"Q47005","P27249"
"Q47005","P37056"
"Q47005","P0AF56"
"Q47005","P0A8G6"
"Q47005","P30011"
"Q47005","P37619"
"Q47005","P32701"
"Q47005","P0ABL5"
"Q47005","P31058"
"Q47005","P30864"
"Q47005","P33668"
"Q47005","P28722"
"Q47005","P36646"
"Q47005","P0AFH8"
"Q47005","P0A9K1"
"Q47005","P0ADQ5"
"Q47005","P60546"
"Q47005","P11865"
"Q47005","P0ADA7"
"Q47005","P18811"
"Q47005","P0A6L4"
"Q47005","P0DMC9"
"Q47005","P0AD79"
"Q47005","P25526"
"Q47005","P25772"
"Q47005","P05458"
"Q47005","P22729"
"Q47005","P03817"
"Q47005","P25744"
"Q47005","P08365"
"Q47005","P00582"
"Q47005","P0A853"
"Q47005","P00803"
"Q47005","P11667"
"Q47005","P0AAG8"
"Q47005","P0AFA2"
"Q47005","P0A9F9"
"Q47005","P10903"
"Q47005","P09169"
"Q47005","P25524"
"Q47005","P0A9P4"
"Q47005","P15005"
"Q47005","P0AEG4"
"Q47005","P0AD89"
"Q47005","P00864"
"Q47005","P0AG76"
"Q47005","P0AFG3"
"Q47005","P0AA16"
"Q47005","P0A8Z3"
"Q47005","P0AAN9"
"Q47005","P0AAQ2"
"Q47005","P0A7P5"
"Q47005","P0A921"
"Q47005","P0A800"
"Q47005","P21514"
"Q47005","P0AEX7"
"Q47005","P0AFW0"
"Q47005","P0AGA6"
"Q47005","P21503"
"Q47005","P0AE18"
"Q47005","P0A786"
"Q47005","P23256"
"Q47005","P62522"
"Q47005","P0A9T0"
"Q47005","P09980"
"Q47005","P16926"
"Q47005","P0AGH8"
"Q47005","P0AGM5"
"Q47005","P0AE56"
"Q47005","P0ACJ0"
"Q47005","P23173"
"Q47005","P0A910"
"Q47005","P07001"
"Q47005","P16095"
"Q47005","P0AG00"
"Q47005","P15005-2"
"Q47005","P0A6F9"
"Q47005","P0A8A8"
"Q47005","P0AFH6"
"Q47005","P02931"
"Q47005","P0AFJ5"
"Q47005","P07026"
"Q47005","P25737"
"Q47005","P0AED5"
"Q47005","P0AEE5"
"Q47005","P0AD83"
"Q47005","P21367"
"Q47005","P25665"
"Q47005","P23843"
"Q47005","P11866"
"Q47005","P0A8N5"
"Q47005","P25527"
"Q47005","P23869"
"Q47005","P0A855"
"Q47005","P06999"
"Q47005","P08372"
"Q47005","P25740"
"Q47005","P0AA82"
"Q47005","P0A742"
"Q47005","P0A8M3"
"Q47005","P0ACQ7"
"Q47005","P25960"
"Q47005","P0AG82"
"Q47005","P24216"
"Q47005","P0A6D5"
"Q47005","P03030"
"Q47005","P10151"
"Q47005","P0AB67"
"Q47005","P08370"
"Q47005","P15082"
"Q47005","P23841"
"Q47005","P04816"
"Q47005","P22787"
"Q47005","P00861"
"Q47005","P0AFF6"
"Q47005","P0A780"
"Q47005","P21345"
"Q47005","P11988"
"Q47005","P24180"
"Q47005","P12281"
"Q47005","P0A6X3"
"Q47005","P38038"
"Q47005","P0AD57"
"Q47005","P0A715"
"Q47005","P24171"
"Q47005","P08331"
"Q47005","P0AB87"
"Q47005","P09831"
"Q47005","P03004"
"Q47005","P23894"
"Q47005","P15770"
"Q47005","P0AE24"
"Q47005","P00888"
"Q47005","P07363-2"
"Q47005","P23871"
"Q47005","P06715"
"Q47005","P00805"
"Q47005","P04949"
"Q47005","P26266"
"Q47005","P06149"
"Q47005","P22256"
"Q47005","P60785"
"Q47005","P07363-1"
"Q47005","P24218"
"Q47005","P0AE12"
"Q47005","P00963"
"Q47005","P0ABD3"
"Q47005","P0A6Z3"
"Q47005","P05194"
"Q47005","P00370"
"Q47005","P0ACI6"
"Q47005","P0A6J8"
"Q47005","P0AB77"
"Q47005","P21888"
"Q47005","P20099"
"Q47005","P08200"
"Q47005","P23847"
"Q47005","P08997"
"Q47005","P13016"
"Q47005","P0ACB2"
"Q47005","P04036"
"Q47005","P0ABE9"
"Q47005","P0AED9"
"Q47005","P22255"
"Q47005","P0ADF8"
"Q47005","P0A6U3"
"Q47005","P13029"
"Q47005","P09832"
"Q47005","P0A6A3"
"Q47005","P02924"
"Q47005","P0ABH7"
"Q47005","P0ACF0"
"Q47005","P0A6F3"
"P52044","P0AEN8"
"P52044","P0C7L2"
"P52044","Q47149"
"P52044","P76508"
"P52044","Q47151"
"P52044","P76078"
"P52044","P76509"
"P52044","P77455"
"P52044","P11553"
"P52044","P76085"
"P52044","P0A9S1"
"P52044","P76084"
"P52044","P76512"
"P52044","P69922"
"P52044","P75989"
"P52044","P76082"
"P52044","P0AB87"
"P52044","P76081"
"P52044","P37349"
"P52044","P76014"
"P52044","P76080"
"P52044","P76083"
"P52044","Q47150"
"P52044","P76236"
"P52044","P76513"
"P52044","P76510"
"P52044","P77656"
"P52044","P76079"
"P52044","P11551"
"P52044","P0ACK8"
"P52044","P77467"
"P52044","P0AD35"
"P52044","P76077"
"P52044","P76015"
"P0A8W2","P45956"
"P0A8W2","P0AFX4"
"P0A8W2","P39363"
"P0A8W2","P36678"
"P0A8W2","P76079"
"P0A8W2","P76085"
"P0A8W2","P0AFW2"
"P0A8W2","P76084"
"P0A8W2","P76080"
"P0A8W2","P39366"
"P0A8W2","P39365"
"P0A8W2","P75855"
"P0A8W2","P10151"
"P0A8W2","P76077"
"P0A8W2","P76083"
"P0A8W2","P58035"
"P0A8W2","P76078"
"P0A8W2","P25960"
"P0A8W2","P76082"
"P0A8W2","P76081"
"P0A8W2","P77335"
"P0A8W2","P39386"
"P0A8W2","P0C7L2"
"P0A8W2","P23485"
"P0A8W2","P77467"
"P0A8W2","P23484"
"P0A8W2","P45757"
"P0A8W2","P41442"
"P0A8W2","Q46898"
"P0A8W2","P41441"
"P0A8W2","P45760"
"P0A8W2","P45758"
"P0A8W2","Q46901"
"P0A8W2","P45763"
"P0A8W2","P45759"
"P0A8W2","P39364"
"P0A8W2","P76632"
"P0A8W2","P39362"
"P0A8W2","P45761"
"P0A8W2","P45762"
"P0A8W2","Q46899"
"P0A8W2","Q46897"
"P0A8W2","P39361"
"P0A8W2","Q46896"
"P0A8W2","P39385"
"P0A8W2","P41443"
"P32144","P32143"
"P32144","P32140"
"P32144","P0A9V8"
"P32144","P32141"
"P77615","P76045"
"P77615","P76042"
"P77615","P77154"
"P77615","P76043"
"P77615","P77716"
"P77615","P76044"
"P77615","P77366"
"P77615","P0AFR7"
"P77615","P77503"
"P77615","P76041"
"P77615","P77481"
"P39161","P0AC94"
"P39161","P39399"
"P39161","P39160"
"P39161","P0ACL2"
"P39161","P39400"
"P0ACK5","P07650"
"P0ACK5","P0ABP8"
"P0ACK5","P0A6K6"
"P0ACK5","P0A6L0"
"P0ACK5","P0A927"
"P0A8W0","P39352"
"P0A8W0","P39370"
"P0A8W0","P45425"
"P0A8W0","P39353"
"P0A8W0","P0A6L4"
"P0A8W0","P39371"
"P0A8W0","P0A761"
"P0A8W0","P41036"
"P0A8W0","P69856"
"P0A8W0","P0ADH5"
"P0A8W0","P45424"
"P77569","P0ABR9"
"P77569","P77580"
"P77569","P77608"
"P77569","P77397"
"P77569","P51020"
"P77569","P77044"
"P77245","P77272"
"P77245","P76535"
"P76141","P77672"
"P76141","P64461"
"P76141","P77257"
"P76141","P76145"
"P76141","P76143"
"P76141","P77432"
"P76141","P76142"
"P76141","P0AFS1"
"P33234","P28721"
"P33234","P69910"
"P33234","P28629"
"P33234","P37639"
"P33234","P09832"
"P33234","P63235"
"P33234","P09831"
"P33234","P69908"
"P0ACP5","P39835"
"P0ACP5","P39208"
"P0ACP5","P46859"
"P0ACP5","P0AC96"
"P0ACP5","P0A955"
"P0ACP5","P0ADF6"
"P0ACP5","P0A9P9"
"P0ACP5","P39346"
"P0ACP5","P39344"
"P77379","P77212"
"P77379","P75687"
"P77379","P75685"
"P0A9U6","P78061"
"P0A9U6","P23883"
"P0A9U6","P76037"
"P0A9U6","P76038"
"P0A9U6","P37906"
"P0A9U6","P50457"
"P0A9U6","P0DPO2"
"P76062","P76064"
"P76062","P76065"
"P76062","P76066"
"P76062","P77551"
"P76062","P77546"
"P76062","P76063"
"P06966","P76164"
"P06966","P06965"
"P06966","P76165"
"P0ACR2","P37597"
"P77746","P77216"
"P77746","P77174"
"P0ACM5","P76417"
"P0ACM5","P76419"
"P0ACM5","P76418"
